,City,Lat,Lng,Temp,Humidity,Cloudiness,Wind Speed,Country,Date,City ID
0,saskylakh,81.72650554011946,119.13642523900427,47.52,88,96,5.23,RU,1562507721,2017155.0
1,avarua,-52.97338805355926,-167.31842865654096,71.6,64,87,10.29,CK,1562507721,4035715.0
2,kapaa,33.87958329075384,-166.30088623347862,77.9,78,75,12.75,US,1562507460,5848280.0
3,albany,-76.17964422495177,116.03619958844808,70.09,60,1,6.93,US,1562507671,5106834.0
4,bud,74.61110383954232,1.5337519764744627,56.53,71,75,10.29,NO,1562507721,7626370.0
5,haines junction,61.34734242957384,-142.60321491893689,61.56,57,13,3.15,CA,1562507722,5969025.0
6,rundu,-18.34671850516385,19.02367462726062,80.6,6,0,6.93,NA,1562507722,3353383.0
7,rungata,-0.6011164266306963,178.84071249033377,,,,,,,
8,bilma,21.649995510460727,12.108744761990238,104.58,8,0,2.48,NE,1562507722,2446796.0
9,tabou,-1.0453817528862714,-6.09040755057589,81.0,69,70,9.37,CI,1562507722,2281120.0
10,gizo,-9.53056846470507,155.42037791620606,83.97,62,40,11.41,IL,1562507723,6693679.0
11,henties bay,-22.027679054649013,6.839021891654085,55.0,89,0,4,NA,1562507723,3356832.0
12,mount isa,-21.58579442716625,136.40882246567816,68.0,68,90,10.29,AU,1562507723,2065594.0
13,rikitea,-75.11265540814085,-122.1797383848259,70.74,81,100,35.05,PF,1562507723,4030556.0
14,eureka,41.043875334283626,-136.35149236009647,55.26,93,90,6.93,US,1562507664,5563397.0
15,punta arenas,-73.01804582816439,-112.86231565075008,37.2,93,90,4.7,CL,1562507724,3874787.0
16,mys shmidta,84.43761207742588,-176.46792240072355,,,,,,,
17,hilo,26.662703138230455,-146.8376315695724,67.66,83,90,6.93,US,1562507724,5855927.0
18,quiruvilca,-8.037387612904865,-77.97336068600018,55.4,82,90,2.24,PE,1562507724,3698705.0
19,shebunino,45.99670432538437,141.93997794055275,59.0,67,40,8.95,RU,1562507724,468902.0
20,khatanga,87.62778242845516,104.68431666385084,50.22,70,100,17.36,RU,1562507725,2022572.0
21,cherskiy,68.22254485537957,160.6029712823523,62.64,51,83,12.12,RU,1562507725,2126199.0
22,san lawrenz,35.838400579148896,13.074464845690102,89.74,36,0,13.87,MT,1562507725,2562619.0
23,batticaloa,10.810138778934999,86.6744926951742,81.36,72,76,3.78,LK,1562507725,1250161.0
24,port hedland,-21.314638523986645,121.79542688918798,66.2,68,0,1.12,AU,1562507725,2063042.0
25,warqla,28.540760947399974,5.489073084614631,,,,,,,
26,attawapiskat,63.44170130256444,-81.0517942191813,,,,,,,
27,weyburn,49.80674925832912,-103.38965308575246,68.0,80,92,11.01,CA,1562507726,6179652.0
28,jamestown,-23.453148194397983,-19.416784512834568,45.72,85,0,1.45,AU,1562507726,2069194.0
29,opuwo,-18.8762055191567,12.665248098804511,84.24,6,0,12.3,NA,1562507726,3354077.0
30,tasiilaq,54.495020833253704,-34.77728033743304,44.6,75,88,4.7,GL,1562507726,3424607.0
31,tsihombe,-49.62712771720529,49.805204357716065,,,,,,,
32,maceio,-12.955925631970118,-31.8941044399148,82.4,58,40,10.29,BR,1562507727,3395981.0
33,nouakchott,18.978910751088137,-14.70883769189723,80.6,69,0,9.17,MR,1562507727,2377450.0
34,skelleftea,64.27983975846033,21.828490308988734,64.38,63,75,9.17,SE,1562507727,602913.0
35,cape town,-42.00539474797551,3.8133283150460784,63.1,67,40,14.99,ZA,1562507660,3369157.0
36,itaituba,-5.387955828283779,-55.38860267451365,75.2,100,90,2.17,BR,1562507728,3397967.0
37,saint-philippe,-55.89160125871736,66.91893249085928,67.06,56,1,8.05,CA,1562507728,6138908.0
38,mahebourg,-46.52015727441662,78.12511729099867,75.36,73,40,9.17,MU,1562507728,934322.0
39,russell,-28.93513760440738,178.66678898739576,70.56,94,40,3.36,US,1562507706,4278471.0
40,sioux lookout,51.30228183346776,-92.44681466309869,57.54,100,90,4.25,CA,1562507729,6148373.0
41,ilulissat,75.20703368767425,-47.26524519741079,51.8,50,20,4.7,GL,1562507729,3423146.0
42,ayan,57.657481459827125,137.11479765176188,66.42,37,8,10.85,IR,1562507729,117656.0
43,bredasdorp,-53.55882440400237,20.35751824862237,63.27,52,78,14.99,ZA,1562507729,1015776.0
44,castro,-48.505628970861295,-86.14064409158424,46.4,93,90,4.7,CL,1562507730,3896218.0
45,busselton,-45.725314066251556,96.62772217867303,52.2,73,22,16.35,AU,1562507730,2075265.0
46,jacareacanga,-7.489752777501181,-57.58304430189817,86.58,51,0,5.23,BR,1562507730,3397763.0
47,ha giang,23.391284864938953,105.16989851328725,69.48,92,100,4.76,VN,1562507730,1581349.0
48,fort pierce,27.4147092925449,-80.34180822544016,84.49,70,40,8.05,US,1562507730,4156018.0
49,chuy,-64.18964049788624,-24.471614372494514,46.8,60,0,6.2,UY,1562507731,3443061.0
50,coahuayana,1.798155845125848,-111.69045653393079,76.68,82,40,2.04,MX,1562507731,3981460.0
51,amderma,75.57583201487236,66.93243878659916,,,,,,,
52,bethel,63.6910959687543,-162.2691709733439,67.5,47,1,8.05,US,1562507504,5880568.0
53,mar del plata,-68.33848085151932,-24.702248707304676,42.66,63,100,3.42,AR,1562507577,3863379.0
54,touros,1.4761000851655552,-28.191357383653667,84.2,66,75,11.41,BR,1562507717,3386213.0
55,nikolskoye,36.3061137254262,173.99996197937276,63.77,52,75,6.71,RU,1562507731,546105.0
56,arraial do cabo,-44.3988758332447,-27.832061696557048,64.45,82,75,14.99,BR,1562507453,3471451.0
57,vaitupu,4.113705957757034,-177.7331554526018,,,,,,,
58,rudnichnyy,59.75848943992787,52.99458878413154,59.76,87,95,5.48,RU,1562507732,1493457.0
59,bluff,-84.77886675398828,169.67329284000107,62.64,82,97,14.34,AU,1562507732,2175403.0
60,barrow,84.87441355570584,-157.35291574510399,50.22,61,100,10.8,AR,1562507732,3833859.0
61,hithadhoo,-8.254813282272622,84.46573170447635,84.42,71,0,9.69,MV,1562507733,1282256.0
62,barentsburg,89.09468797193693,5.746222777969507,,,,,,,
63,talnakh,71.52139637979477,93.82734976426786,57.2,62,20,31.32,RU,1562507733,1490256.0
64,souillac,-54.46734646864196,77.07667469641251,84.38,54,40,10.29,FR,1562507733,3026644.0
65,port lincoln,-38.63833881472584,134.23153122936344,58.14,73,0,14.09,AU,1562507733,2063036.0
66,sepolno krajenskie,53.27717485063849,17.419338411409512,63.23,48,75,18.34,PL,1562507734,3086153.0
67,turayf,32.633556371382895,39.43607289255726,98.6,13,0,9.17,SA,1562507734,101312.0
68,cidreira,-34.14712670622981,-46.40041641416357,50.94,67,96,5.7,BR,1562507734,3466165.0
69,cabo san lucas,7.911578304652991,-116.82504123473522,79.56,30,40,12.33,MX,1562507439,3985710.0
70,mataura,-38.85704575331544,-156.58230493217434,44.01,83,100,21,NZ,1562507734,6201424.0
71,puerto ayora,-6.3476011376355785,-110.40078081654617,72.28,78,20,5.82,EC,1562507630,3652764.0
72,kruisfontein,-64.97004691682835,27.2445074874164,54.18,74,15,17.78,ZA,1562507735,986717.0
73,havelock,33.532222550209354,-76.2122734242831,84.65,74,40,13.87,US,1562507735,4470244.0
74,san cristobal,2.278214524586815,-87.03212938240145,78.48,62,55,5.73,HN,1562507735,3609418.0
75,kaitangata,-85.71669671850758,178.29500711882264,44.01,69,100,17,NZ,1562507735,2208248.0
76,kodiak,41.85432432155156,-159.5538524764188,73.94,57,1,6.93,US,1562507735,4407665.0
77,oxelosund,58.18859131891793,17.620040213206096,65.23,52,40,12.75,SE,1562507736,2684653.0
78,skopelos,39.14085215177593,23.750704159617243,87.8,49,0,4.7,GR,1562507736,253581.0
79,port alfred,-43.195883926184116,29.37167175946999,62.01,69,17,8.01,ZA,1562507736,964432.0
80,srostki,52.66152760184312,85.66846160765027,65.34,89,100,6.13,RU,1562507736,1491088.0
81,ribeira grande,44.682901844691884,-33.60253328892614,71.6,94,75,11.41,PT,1562507737,3372707.0
82,waw,7.812640975232284,27.09562654801792,,,,,,,
83,naze,21.756645088537013,139.05791914582255,75.24,94,100,6.44,NG,1562507737,2337542.0
84,bathsheba,17.21843733357285,-54.818649803585785,84.2,74,75,19.46,BB,1562507737,3374083.0
85,vestmannaeyjar,57.47489127623808,-19.730523520825926,53.6,87,20,14.99,IS,1562507737,3412093.0
86,dikson,82.54279711462414,74.76021179349331,34.92,89,2,14.58,RU,1562507738,1507390.0
87,hermanus,-84.96791587478047,8.628420459446062,62.1,77,100,5.01,ZA,1562507738,3366880.0
88,ushuaia,-75.48301100867567,-31.245103572275326,37.4,84,0,8.05,AR,1562507452,3833367.0
89,aklavik,71.57160223326687,-140.908686350707,44.6,81,75,4.7,CA,1562507738,5882953.0
90,taolanaro,-41.51568725843515,51.01779705958498,,,,,,,
91,fortuna,39.71990295039609,-128.64647956063519,55.06,93,90,6.93,US,1562507739,5563839.0
92,hobart,-52.90730292521358,151.58728363823207,39.7,93,58,4.7,AU,1562507739,2163355.0
93,ponta do sol,27.06389460437461,-31.168729261269135,63.18,35,0,4.7,BR,1562507739,3453439.0
94,faanui,-9.996029026274087,-157.53337514043153,78.66,82,0,17.16,PF,1562507739,4034551.0
95,kodinsk,57.90338943338813,99.15491123731158,63.18,76,0,3.96,RU,1562507740,1503037.0
96,college,70.72238718079453,-148.76219421171194,59.63,76,1,3.51,US,1562507740,5859699.0
97,alofi,-22.894075884044838,-166.21943605634485,73.4,78,100,9.17,NU,1562507740,4036284.0
98,saldanha,-33.50574917647627,14.966401166978045,83.52,25,100,6.93,PT,1562507740,2737599.0
99,ruian,27.651128840115845,120.74769517042989,,,,,,,
100,codrington,23.543091769270546,-47.291117449586665,58.39,93,90,3.51,AU,1562507741,2160063.0
101,benemerito de las americas,16.656912795998508,-90.47315903802652,81.0,67,5,2.95,MX,1562507741,3816362.0
102,atasu,48.64305565566539,71.59870864181102,72.36,29,0,11.23,KZ,1562507741,1526041.0
103,new norfolk,-78.57930245610412,130.04075617598585,39.7,93,58,4.7,AU,1562507741,2155415.0
104,necochea,-51.20713407092322,-53.710634787040846,46.0,76,100,8.01,AR,1562507742,3430443.0
105,taltal,-26.474320797642783,-72.72655475613065,60.3,66,27,3.67,CL,1562507742,3870243.0
106,goya,-29.76016860234123,-58.94344875433667,50.22,52,100,8.5,AR,1562507742,3433715.0
107,rocha,-45.36142536570329,-45.27669263328934,48.6,51,0,3.33,UY,1562507742,3440777.0
108,vao,-25.620258784370975,170.70287130524684,59.94,70,71,8.86,EE,1562507742,588365.0
109,iqaluit,58.42344906903995,-73.82049151345937,53.31,76,75,3.36,CA,1562507743,5983720.0
110,saleaula,-2.9809158214778364,-170.5909304659544,,,,,,,
111,nyrob,61.00089147541058,56.34481726677967,66.96,66,83,0.18,RU,1562507743,516588.0
112,lazaro cardenas,0.9461056105676562,-111.54181278232412,68.5,79,99,1.99,MX,1562507744,3996234.0
113,comodoro rivadavia,-50.112466203167905,-63.083164085810466,42.8,81,0,2.24,AR,1562507744,3860443.0
114,longyearbyen,80.69318974072854,19.865201054595786,53.6,71,40,5.82,NO,1562507744,2729907.0
115,vaini,-45.42344932998541,-175.77943589531398,79.02,87,100,10.36,IN,1562507744,1273574.0
116,nadym,64.78873551666166,71.28608013262769,59.76,66,100,7.29,RU,1562507744,1498087.0
117,ahumada,29.662311684636663,-106.33708057302181,,,,,,,
118,hasaki,28.303431254623533,159.18617979043717,64.56,93,75,20.8,JP,1562507745,2112802.0
119,lasa,34.58953454196879,94.03372209375357,87.22,79,20,11.41,CY,1562507745,146639.0
120,butaritari,27.95242601176139,175.14751951739055,81.0,81,100,10.58,KI,1562507745,2110227.0
121,zhuanghe,39.797962828118045,122.60623912892709,64.62,90,50,4.43,CN,1562507745,1784055.0
122,geraldton,-29.539979149896013,116.52752196794921,60.8,72,75,3.36,CA,1562507746,5960603.0
123,zhigansk,71.82427967278676,121.83678619688419,58.32,60,100,6.2,RU,1562507746,2012530.0
124,avera,-23.210708166300137,-152.81370140451523,79.57,94,90,4.7,US,1562507746,4231997.0
125,caucaia,-1.7635537134168544,-37.52056660128744,81.19,65,75,12.75,BR,1562507746,3402429.0
126,sobolevo,55.84693013495476,153.63603320950017,60.12,91,100,7.05,RU,1562507746,525426.0
127,narsaq,86.82106749411258,-59.6975511249032,62.6,21,75,28.86,GL,1562507747,3421719.0
128,nyurba,63.045993939105415,118.44233649019532,61.56,96,24,5.08,RU,1562507747,2018735.0
129,torbay,43.25807379417142,-48.47887639920984,63.77,93,90,18.34,CA,1562507528,6167817.0
130,smidovich,48.05378220338588,134.1752833636113,70.02,92,99,5.14,RU,1562507747,2016412.0
131,prince rupert,50.61077943917951,-133.98860110146325,53.6,100,90,4.7,CA,1562507747,6113406.0
132,dalkola,26.003112587450488,87.70842141089679,83.7,82,100,10.67,IN,1562507748,1273642.0
133,arcachon,45.14711274632805,-2.2907939584571864,79.86,61,20,10.29,FR,1562507497,3037253.0
134,alyangula,-15.468556998560587,137.45594903948222,64.4,93,0,8.48,AU,1562507748,2079582.0
135,dudinka,69.41753226960716,86.69378935381263,57.2,62,20,31.32,RU,1562507748,1507116.0
136,lolua,-8.781347313081923,173.6335434101445,,,,,,,
137,surt,31.834237440939248,16.559283190728706,80.28,77,0,8.23,LY,1562507488,2210554.0
138,dinsor,2.210046183834706,42.197562640318864,,,,,,,
139,esperance,-39.96519002042319,125.22873835906188,51.8,81,0,8.05,AU,1562507749,2071860.0
140,rio gallegos,-49.530866264250655,-71.42379575545074,33.8,86,0,2.24,AR,1562507749,3838859.0
141,flinders,-33.196970829395724,134.57847139120548,53.71,81,75,6.93,AU,1562507749,6255012.0
142,ambovombe,-27.055787435512542,46.54882052986841,73.26,75,0,18.01,MG,1562507749,1079048.0
143,sitka,53.324187158961195,-142.55535467976642,71.01,93,100,4,US,1562507750,4267710.0
144,erenhot,44.12116515516115,111.18717472150757,77.94,23,74,7.99,CN,1562507750,2037485.0
145,topolovgrad,42.06901149357785,26.195517342269255,93.2,26,5,6.93,BG,1562507750,726384.0
146,fukue,33.944238996839786,125.13299508869272,77.72,69,75,11.41,JP,1562507750,1848373.0
147,norman wells,63.10885973957812,-124.02038418996354,48.2,76,90,11.41,CA,1562507750,6089245.0
148,petropavlovsk-kamchatskiy,47.22304548516169,162.87384877023283,50.0,100,90,4.47,RU,1562507751,2122104.0
149,barcelos,-0.8047554922516724,-61.664296660899424,82.26,79,69,5.17,BR,1562507751,3665098.0
150,iquique,-20.3485249528224,-73.67509603505331,59.0,72,90,8.05,CL,1562507751,3887127.0
151,muros,44.87358330935669,-11.258933391917083,68.14,77,90,5.82,ES,1562507751,3115824.0
152,crossfield,51.54112334696694,-113.7841790045341,51.12,87,75,4.7,CA,1562507751,5933070.0
153,nanortalik,52.44902066992816,-35.61181365456301,53.1,47,86,15.03,GL,1562507752,3421765.0
154,herat,33.93397800813979,61.952909404577156,100.4,9,0,21.92,AF,1562507752,1140026.0
155,shiraz,29.47892634439704,52.167861644493996,102.2,7,20,4.7,IR,1562507752,115019.0
156,port elizabeth,-88.54601583279316,35.301845085065736,79.29,83,75,6.93,US,1562507752,4501427.0
157,dunedin,-52.778129246679015,175.32979645725442,46.0,65,100,32.01,NZ,1562507753,2191562.0
158,mantua,24.668756299150658,-86.27263534996612,89.65,49,40,11.41,IT,1562507753,3174050.0
159,visnes,58.917613722113,2.6628991374355166,56.5,67,75,17.22,NO,1562507753,3131500.0
160,vanimo,2.6011287029048873,143.2993811890667,82.08,73,98,7.25,PG,1562507754,2084442.0
161,guerrero negro,24.1034165258431,-121.77507070963728,62.64,90,52,8.88,MX,1562507754,4021858.0
162,sawakin,20.43150153621302,37.4687377493475,102.24,12,100,6.71,SD,1562507754,367544.0
163,portland,-44.0410714672615,139.98110578859843,67.8,49,1,10.29,US,1562507600,4975802.0
164,champerico,10.166639858494477,-94.99482791416312,77.0,73,5,9.17,MX,1562507754,3530097.0
165,labutta,15.110069185318977,94.35156269153703,,,,,,,
166,tura,65.8552324994429,104.2053482611957,58.32,86,6,6.46,RU,1562507633,2014833.0
167,owando,-0.29856166760819747,15.582819715668705,79.92,78,83,3.53,CG,1562507755,2255542.0
168,yellowknife,67.58582069515501,-106.22904905482073,50.0,71,75,11.41,CA,1562507702,6185377.0
169,emerald,-24.41740625702934,143.34033612409428,63.68,88,75,8.05,AU,1562507755,2167426.0
170,qui nhon,14.325158656564781,112.87736069583929,,,,,,,
171,maarianhamina,61.01703203727405,19.582625764830794,,,,,,,
172,marcona,-27.359847053568366,-92.04700641134724,,,,,,,
173,vostok,49.27386285763603,149.56832905064397,64.26,95,4,2.71,RU,1562507756,2013279.0
174,grand river south east,-20.384112492126064,70.42355273906207,,,,,,,
175,aldan,58.56189694404486,123.82057595165969,63.18,77,0,3.09,RU,1562507756,2027968.0
176,kautokeino,67.65171817701372,23.488221251234478,60.3,58,7,20.6,NO,1562507756,779330.0
177,hobyo,4.4070737365207435,48.907154072699086,81.72,66,71,25.41,SO,1562507757,57000.0
178,okhansk,57.591864222072815,55.21225725221382,69.8,56,0,13.42,RU,1562507757,516073.0
179,qaanaaq,77.44546977823418,-78.8108139450209,46.44,50,99,10.18,GL,1562507757,3831208.0
180,tuatapere,-47.331797605423894,159.87268369243526,44.01,83,100,21,NZ,1562507757,2180815.0
181,ust-koksa,49.799277032495496,85.83263281731712,51.3,81,46,3.2,RU,1562507758,1488167.0
182,carutapera,4.7886478355152065,-44.04860202042411,83.7,70,70,7.23,BR,1562507758,3402648.0
183,ayagoz,48.9306151235719,78.25917399385224,69.66,59,72,23.51,KZ,1562507758,1525988.0
184,mount gambier,-44.12996803950401,136.37131231331682,46.4,100,40,6.93,AU,1562507758,2156643.0
185,kahului,36.643042114719535,-150.55499662467932,71.6,100,40,9.17,US,1562507519,5847411.0
186,provideniya,65.06383293961778,-175.34137184720905,58.32,60,81,0.83,RU,1562507758,4031574.0
187,atuona,2.7511524349300345,-131.63241097428346,79.56,79,27,18.07,PF,1562507759,4020109.0
188,chapais,51.339578608744006,-73.28749544732622,51.8,62,1,8.05,CA,1562507759,5919850.0
189,ashland,41.82254745069855,-122.59644857320589,76.39,94,90,3.36,US,1562507759,4282757.0
190,celestun,22.579847366796187,-91.80816583007012,79.74,73,0,3.47,MX,1562507759,3531368.0
191,te anau,-38.865680721059476,161.52312915617034,37.98,85,72,5.32,NZ,1562507760,2181625.0
192,belushya guba,85.54778336748643,43.505608200332745,,,,,,,
193,kabwe,-14.6474957669746,29.30004242439719,76.68,19,62,5.06,ZM,1562507760,916095.0
194,poum,-19.684287898270597,160.55130695325875,86.0,33,20,6.93,MK,1562507760,787487.0
195,hamilton,30.744557903687195,-66.99230271578818,70.2,64,75,10.29,CA,1562507590,5969785.0
196,kamaishi,35.91569740978544,147.57304794826456,48.96,98,30,4.61,JP,1562507760,2112444.0
197,sakaiminato,37.478396326802724,133.55347495946444,71.6,78,75,4.7,JP,1562507761,1853174.0
198,luderitz,-36.47428167828817,-2.459444951740579,69.8,56,0,17.22,NA,1562507514,3355672.0
199,songling,31.128996619005832,120.667224821785,79.23,65,40,4.47,CN,1562507761,1898494.0
200,atar,19.57976571662911,-9.671322719769364,105.84,15,0,9.51,MR,1562507505,2381334.0
201,acapulco,5.974626520976685,-103.52373464165373,80.6,83,75,3.36,MX,1562507761,3533462.0
202,viedma,-40.05190307400331,-63.02515271771709,51.66,56,100,13.42,AR,1562507761,3832899.0
203,padang,-6.069627187078666,92.05634039612335,80.1,78,100,8.16,ID,1562507762,1633419.0
204,nizhneyansk,88.31058604953003,136.19307768762081,,,,,,,
205,palmer,57.19634398136634,-143.75320447548617,47.32,93,0,4.7,AU,1562507762,2067070.0
206,lakatoro,-15.686773991294018,168.17737164234757,77.94,78,15,11.05,VU,1562507762,2136697.0
207,severnoye,57.87993276950854,77.68475515185469,61.56,78,0,12.39,RU,1562507762,496381.0
208,dubbo,-32.013862044885585,148.16172455061422,55.4,87,90,8.05,AU,1562507763,2168305.0
209,huarmey,-19.242541458294056,-94.47264233107317,63.36,88,100,12.75,PE,1562507763,3939168.0
210,asyut,25.394876700763007,27.849453295178023,100.4,19,0,13.87,EG,1562507763,359783.0
211,sibolga,0.3803689947320663,97.29321001376888,83.88,71,100,4.94,ID,1562507759,1213855.0
212,camana,-17.750409332548756,-73.98548319540153,,,,,,,
213,varhaug,56.746001208379994,2.751099454788971,55.6,67,75,18.34,NO,1562507764,3132644.0
214,kondinskoye,59.68010447995775,67.51471338167809,58.5,83,100,8.84,RU,1562507764,1502697.0
215,coquimbo,-29.60653982496474,-82.36115611189045,53.6,87,75,3.36,CL,1562507764,3893629.0
216,puerto del rosario,27.856852724460495,-13.92712169511583,79.02,65,20,17.22,ES,1562507764,2512186.0
217,cap malheureux,-15.333174857607844,55.92247547269551,75.72,73,40,9.17,MU,1562507764,934649.0
218,lensk,61.134202852463204,113.73043861168503,65.7,73,30,3.91,RU,1562507765,2020838.0
219,okhotsk,58.12543057332931,143.0529234556153,46.26,90,0,7.4,RU,1562507765,2122605.0
220,saint-augustin,50.73561897579853,-58.30815800463827,66.92,52,20,6.93,CA,1562507765,6138501.0
221,asau,-16.412036286211872,179.6611182635,,,,,,,
222,suileng,47.23060812121028,127.23836349735586,70.74,84,100,4.21,CN,1562507766,2034651.0
223,cayenne,16.643958232558475,-41.63639443333582,84.2,70,75,11.41,GF,1562507766,3382160.0
224,ahipara,-34.83905237167246,165.82152519437545,57.24,73,50,18.52,NZ,1562507766,2194098.0
225,puerto escondido,13.916181967973415,-97.54805507645204,73.4,78,5,9.17,MX,1562507766,3520994.0
226,east london,-65.25952028156831,45.59461971207972,68.0,34,0,23.04,ZA,1562507767,1006984.0
227,vilhena,-11.152718957369316,-58.65966101088202,62.6,39,0,12.75,BR,1562507767,3924679.0
228,santo tomas,-14.44979305692037,-72.41683385446522,81.32,83,75,9.17,PH,1562507767,1687543.0
229,dawson creek,54.83708568500458,-120.39201550765887,52.12,93,90,3.36,CA,1562507767,5935804.0
230,sergeyevka,53.97627041366175,67.6765229964121,66.06,74,77,7.07,KZ,1562507767,1519385.0
231,gamba,-5.112324776350775,7.38474329652567,49.5,55,98,7.63,CN,1562507768,1281256.0
232,hovd,45.503366087185015,98.62949617314291,56.3,76,75,5.82,NO,1562507768,7626384.0
233,carnarvon,-21.24445724348864,97.25273341127848,56.7,39,22,16.82,ZA,1562507768,1014034.0
234,reo,12.528999707629154,-2.875542851672378,102.24,25,41,6.76,BF,1562507768,2356228.0
235,vancouver,49.57789712604463,-123.11226897088514,57.02,82,90,6.93,CA,1562507529,6173331.0
236,kendal,54.61683893853362,-2.658457713418187,82.4,69,20,4.7,ID,1562507656,1621655.0
237,muisne,1.7827941054232639,-81.62846348004129,75.06,87,99,18.75,EC,1562507769,3653967.0
238,umm kaddadah,13.561855533143316,27.264462847719074,97.02,25,65,6.58,SD,1562507769,364933.0
239,elizabeth city,34.26401249928438,-73.57686869807807,82.44,79,1,9.17,US,1562507688,4465088.0
240,dharchula,30.21732779868769,81.33450603473443,58.14,94,100,0.27,IN,1562507769,1272864.0
241,nieves,24.227606134848713,-102.43082718151966,65.7,50,65,8.34,MX,1562507770,3994939.0
242,lillooet,50.27326365326738,-121.73656967188734,52.7,100,90,2.26,CA,1562507770,6945979.0
243,leningradskiy,87.61873500069939,178.8522918149563,52.56,65,0,7.94,RU,1562507770,2123814.0
244,sukhaya buyvola,45.17258361045671,42.91491944146955,83.66,28,75,8.95,RU,1562507770,486725.0
245,georgetown,-6.8469258257207315,-15.572964502017697,83.23,79,40,13.87,GY,1562507573,3378644.0
246,vrangel,39.33658323601574,132.8935014912147,56.34,95,0,0.92,RU,1562507770,2013258.0
247,hihifo,-15.70535874075064,-173.6574340883345,,,,,,,
248,sosnovo,60.94712796049069,30.67208367116922,62.01,51,100,6.49,RU,1562507771,490213.0
249,lebu,-29.190043419571964,-95.76957629581182,68.0,64,40,6.93,ET,1562507771,344979.0
250,victoria,-10.093634669033108,58.72338420079262,82.67,83,75,2.82,BN,1562507735,1733782.0
251,praia da vitoria,43.06113894163076,-24.157695877171903,77.16,65,40,17.65,PT,1562507771,3372760.0
252,shache,37.689812796073156,78.78929136778942,78.01,89,6,9.28,CN,1562507772,1280037.0
253,motema,8.475753222476555,-11.299028903194198,83.7,65,34,5.26,SL,1562507772,2403846.0
254,nemuro,39.91610389323543,148.488172453772,52.02,95,100,9.84,JP,1562507772,2128975.0
255,velingara,13.249995023811408,-14.020406889802501,79.92,79,8,12.75,SN,1562507772,2412992.0
256,atambua,-7.543719129874205,126.5882030258714,75.6,70,3,16.62,ID,1562507772,1651103.0
257,whitehorse,62.734543654092164,-132.32415537277254,57.09,67,75,4.7,CA,1562507493,6180550.0
258,kiunga,-4.923601392991728,138.4960013238014,71.46,98,100,1.21,PG,1562507773,2093846.0
259,bozoum,6.765401987865047,16.487905322188595,76.14,85,83,2.8,CF,1562507773,2387546.0
260,laguna,-29.854484169341596,-46.573512169152366,75.2,100,40,4.7,BZ,1562507773,3581398.0
261,shurugwi,-19.475249780196435,30.23251981990174,71.64,12,0,5.57,ZW,1562507774,881164.0
262,tuktoyaktuk,82.06180687158968,-132.64724453564224,37.4,86,90,10.29,CA,1562507774,6170031.0
263,baykit,65.1794531703776,93.71333990136549,58.68,57,78,0.72,RU,1562507774,1510689.0
264,sulangan,11.30322998042513,127.27067767741511,84.24,72,2,3.96,PH,1562507774,1685422.0
265,dingle,52.6983579825407,-10.942726491854785,75.96,89,67,2.46,PH,1562507775,1714733.0
266,nome,71.16996991722752,-164.7333566134095,82.09,94,1,2.91,US,1562507776,4732862.0
267,boundiali,8.87570695171128,-6.9772024871491,83.88,70,65,3.44,CI,1562507776,2290836.0
268,dukat,61.77483151537112,155.02470281789772,86.0,44,0,3,AL,1562507776,3184575.0
269,beringovskiy,58.43420602001308,178.51847474189998,46.62,97,99,2.35,RU,1562507776,2126710.0
270,montrose,38.68971355162128,-107.12577352441744,59.31,51,75,8.05,GB,1562507492,2642302.0
271,deer lake,50.27707352427964,-57.259236472899204,62.22,63,40,13.87,CA,1562507777,5937252.0
272,bhadrachalam,18.303451103029687,81.06773019073637,77.94,81,62,6.44,IN,1562507777,1276328.0
273,riyadh,23.80140465997853,47.745137993147665,113.0,5,0,5.82,SA,1562507648,108410.0
274,changli,38.99957752572101,119.24177476061101,69.48,86,100,2.51,CN,1562507777,1793900.0
275,the valley,18.80592494588562,-63.486406047812096,83.48,65,40,10.29,AI,1562507777,3573374.0
276,clyde river,70.53396467633539,-80.34453078863561,37.4,93,75,12.75,CA,1562507778,5924351.0
277,pagondas,37.486732545077956,26.78688960292419,,,,,,,
278,vardo,81.71747102671497,34.865549151962284,76.59,83,40,5.82,US,1562507778,4372777.0
279,port blair,13.583182745833597,92.45169883222889,84.06,81,100,16.4,IN,1562507685,1259385.0
280,porto belo,-26.8235918674957,-46.701375364816386,55.63,57,0,12.75,BR,1562507778,3452900.0
281,la ronge,58.25820431484658,-104.20125154618155,59.0,87,75,2.24,CA,1562507779,6050066.0
282,haicheng,22.438577256893495,115.3840887606504,66.6,93,92,4.65,CN,1562507779,2037086.0
283,illoqqortoormiut,88.60054402229534,-7.811593213763217,,,,,,,
284,aykhal,64.44147492607962,110.2935055513916,53.6,93,90,4.47,RU,1562507779,2027296.0
285,khani,58.73178853208145,122.745429775366,84.2,58,75,16.11,GE,1562507779,610864.0
286,vidalia,32.11064350959086,-82.7683629859267,80.31,83,1,3.36,US,1562507779,4344599.0
287,lompoc,23.529593445588134,-130.04349703180145,56.21,93,90,6.93,US,1562507780,5367788.0
288,vila franca do campo,41.46047585310072,-22.234709043468683,69.8,83,75,4.7,PT,1562507780,3372472.0
289,east wenatchee bench,47.5708689825515,-120.15662122935339,57.67,48,20,11.41,US,1562507780,5793272.0
290,cairns,-15.20477208585126,149.07209793519678,65.53,88,1,8.05,AU,1562507673,2172797.0
291,alice springs,-26.63107861308309,134.4192686976251,53.6,62,0,6.93,AU,1562507780,2077895.0
292,igrim,63.55959716667792,64.13134153733392,58.86,65,55,7.7,RU,1562507781,1505965.0
293,san patricio,16.39821071012061,-107.0950501791004,52.2,50,0,5.08,PY,1562507781,3437029.0
294,tabiauea,-0.3716024033419245,166.74623117258534,,,,,,,
295,kavieng,13.530000080008094,156.31275391060223,83.34,72,98,7.85,PG,1562507781,2094342.0
296,airai,12.257354135433886,143.62521860989546,66.06,78,18,5.46,TL,1562507781,1651810.0
297,kysyl-syr,62.80678922424249,122.87930093449916,58.32,89,92,8.37,RU,1562507782,2021017.0
298,san andres,14.064808190824593,-78.63348840234652,77.4,93,73,4.18,PH,1562507782,1690438.0
299,bakchar,57.70520013704311,81.48976968115716,60.12,76,33,6.93,RU,1562507782,1511057.0
300,muncar,-12.510194234671232,113.72671509308628,68.04,95,46,3.2,ID,1562507782,1634718.0
301,prabumulih,-3.5572498048948944,104.54374961628014,73.8,98,6,3.09,ID,1562507782,1631393.0
302,kavaratti,13.84264464427693,66.28939566580934,84.06,81,100,16.8,IN,1562507783,1267390.0
303,mollendo,-18.794483490961568,-73.30005963245424,62.46,85,54,10.38,PE,1562507783,3934707.0
304,mahajanga,-15.846295400271657,43.62453384880749,86.0,42,20,9.17,MG,1562507783,1062663.0
305,jorpeland,59.018951552733256,6.052310361955733,55.87,67,75,18.34,NO,1562507783,3150742.0
306,manaure,13.57936068009117,-71.93447632382997,84.2,70,20,16.11,CO,1562507783,3675504.0
307,homer,59.5630202446053,-153.2410992788703,59.07,93,1,7.34,US,1562507784,5864145.0
308,derzhavinsk,49.9984896096766,65.58942733286423,72.9,38,79,7.83,KZ,1562507784,1524606.0
309,katsuura,29.12224117651519,146.11485106567557,73.44,69,20,5.82,JP,1562507784,1865309.0
310,khorramshahr,30.412294613132858,47.294330982272044,118.4,10,0,13.87,IR,1562507784,127319.0
311,socorro,31.367257536038395,-106.35674151143932,72.3,60,90,9.17,US,1562507785,5530932.0
312,zhanaozen,42.126719162933114,52.712410665871744,92.16,19,0,16.35,KZ,1562507785,607610.0
313,longhua,29.346631995881978,107.60166773149189,71.1,95,100,4.92,CN,1562507785,1805798.0
314,saint-pierre,-23.798616120663198,54.051618609193724,77.85,53,40,11.41,FR,1562507785,2995603.0
315,chabahar,25.408892493392514,60.91551815772064,93.2,67,0,13.87,IR,1562507786,1161724.0
316,limbazi,57.41200392599268,24.842824639396525,53.64,94,100,1.01,LV,1562507786,457890.0
317,el tigre,7.949123335195537,-64.71697061376699,84.6,62,11,10.8,VE,1562507786,3641351.0
318,coihaique,-47.75172463021147,-75.70708197707341,29.88,78,90,3.36,CL,1562507593,3894426.0
319,palana,60.88423708838042,161.31059549639969,49.68,80,76,6.53,RU,1562507786,2122262.0
320,lokoja,8.205765221688523,6.697072976194761,84.42,77,76,2.33,NG,1562507787,2331939.0
321,akranes,64.21037554325102,-22.307593099722624,59.47,71,20,5.82,IS,1562507787,3418653.0
322,khakhea,-24.333947395198166,23.507646164029836,72.0,9,0,7.43,BW,1562507787,933649.0
323,lagoa,47.01593873778535,-30.319951320798793,73.69,73,20,17.22,PT,1562507787,2267254.0
324,half moon bay,29.4717153525787,-138.02496366517735,55.2,93,90,4.7,US,1562507787,5354943.0
325,imbituba,-28.873985456715616,-46.476352397737855,55.4,54,0,4.7,BR,1562507788,3461370.0
326,inhambane,-23.232465064560543,38.501103912357706,87.8,38,0,4.7,MZ,1562507788,1045114.0
327,high level,59.42061668411279,-117.23130818921301,55.4,76,75,9.17,CA,1562507788,5975004.0
328,flin flon,55.70438083840972,-103.32791670851495,62.6,67,40,5.82,CA,1562507788,5954718.0
329,honningsvag,73.41269292614388,25.730811616983033,49.32,76,100,21.21,NO,1562507789,779554.0
330,batagay-alyta,68.4174245630301,130.0398541678024,47.16,78,100,2.64,RU,1562507789,2027042.0
331,husavik,66.53693133343722,-17.19246846855407,67.46,56,0,8.88,CA,1562507789,5961417.0
332,roald,66.2550450098611,4.170117904491519,55.45,71,75,10.29,NO,1562507789,3141667.0
333,farafangana,-24.312508088096052,50.74829154083312,67.32,95,0,5.19,MG,1562507789,1065158.0
334,porto santo,31.142235505757938,-15.1347539052544,,,,,,,
335,salalah,15.267502762311096,59.38518785667554,86.0,84,75,13.87,OM,1562507790,286621.0
336,krasnoshchekovo,51.93920771241781,82.74979271346803,63.54,65,62,4.79,RU,1562507790,1502066.0
337,jatiroto,-8.852682812122183,110.89415366047166,72.72,87,71,4.32,ID,1562507790,1643920.0
338,miri,5.512646632484092,113.51006055198798,93.78,37,16,4.92,NG,1562507790,2347470.0
339,zhangjiakou,43.53027839827698,115.48536115935906,56.7,77,69,8.97,CN,1562507790,2033196.0
340,uppsala,60.327222444912394,17.75200330772651,62.19,59,63,17.22,SE,1562507791,2666199.0
341,kushima,28.961105857743405,133.09440032653748,73.0,88,100,3,JP,1562507791,1895695.0
342,hervey bay,-23.896123916237727,155.8825593533913,58.12,87,0,6.93,AU,1562507791,2146219.0
343,samusu,-12.641924658536993,-166.2691426394682,,,,,,,
344,kaeo,-27.0059890332753,175.89658267729772,45.0,94,93,4,NZ,1562507792,2189343.0
345,sikeston,36.85320159916162,-89.44403624671739,80.98,83,1,1.97,US,1562507792,4408672.0
346,korla,41.21379406493867,87.20196001474505,,,,,,,
347,port macquarie,-33.114006917399365,161.66414142111222,50.86,100,2,2.39,AU,1562507792,2152659.0
348,namatanai,4.910847516721688,158.2971855544975,79.2,83,95,12.91,PG,1562507792,2090021.0
349,ciomas,-6.645531714510895,106.76764300087768,68.04,94,7,3.49,ID,1562507792,1636816.0
350,sivas,39.292474027152934,36.84292057254359,69.93,52,20,19.46,TR,1562507793,300617.0
351,meyungs,13.081563345190759,132.8301604742117,,,,,,,
352,hami,44.349852481715544,96.87085299109555,82.62,25,2,6.82,CN,1562507793,1529484.0
353,pangnirtung,62.79191105896885,-60.42961353185237,45.72,79,100,0.94,CA,1562507793,6096551.0
354,guapore,-28.594353679546842,-51.85584974826651,,,,,,,
355,harlingen,55.80427752126465,4.9237788269989835,60.8,72,75,6.93,NL,1562507793,2754817.0
356,gaya,11.834492257802495,3.7447154346623677,80.6,100,90,2.24,IN,1562507794,1271439.0
357,mogadishu,0.7059217549575862,49.1285652827774,82.4,69,75,16.11,SO,1562507794,53654.0
358,san jose,7.721296406535004,-92.81316780398171,73.4,88,90,11.41,HN,1562507794,3602137.0
359,chokurdakh,74.07407855144757,146.74251429778457,42.3,87,100,10.69,RU,1562507794,2126123.0
360,treinta y tres,-33.51381005989621,-54.94825634541728,47.16,57,0,4.9,UY,1562507795,3439781.0
361,mujiayingzi,41.5268622706171,118.35910029396376,59.76,77,0,4.05,CN,1562507795,2035707.0
362,puerto montt,-41.57541673824913,-72.73340812258093,51.8,81,75,10.29,CL,1562507791,3874960.0
363,adrar,27.724003150044695,-2.1295881942661197,116.6,4,0,24.16,DZ,1562507795,2508813.0
364,mandalgovi,44.48331190973366,107.34426712923425,61.02,71,100,9.82,MN,1562507795,2030065.0
365,isangel,-19.464269807535004,176.61372857713974,72.72,77,31,21.65,VU,1562507796,2136825.0
366,namibe,-18.26099132792271,9.961909706216431,73.4,73,20,8.05,AO,1562507796,3347019.0
367,mikhaylovsk,56.16830721300286,59.05084985545673,62.64,71,61,5.84,RU,1562507796,526815.0
368,genhe,51.16345695684882,122.40792915811073,52.92,82,16,2.33,CN,1562507796,2037252.0
369,shafranovo,54.01599478528857,54.71768184480058,61.02,80,7,11.65,RU,1562507796,496097.0
370,hirata,35.26750106982723,132.8595321292633,60.33,92,100,7.36,JP,1562507797,2110959.0
371,richards bay,-34.27130065558403,37.78229615681914,70.2,67,55,20.58,ZA,1562507797,962367.0
372,baherden,39.080196039598576,58.132527922952704,86.58,28,22,9.19,TM,1562507797,162158.0
373,fairbanks,68.08998643696836,-144.82563868397548,59.94,76,1,3.51,US,1562507757,5861897.0
374,kangaatsiaq,70.08563995068869,-55.176706980727474,46.98,67,10,11.95,GL,1562507797,3422683.0
375,mutoko,-17.441521612560393,32.56751004504369,73.44,18,0,4.47,ZW,1562507797,884927.0
376,gayeri,12.361969119689377,0.2495902580196514,100.44,28,3,4.07,BF,1562507798,2360541.0
377,bargal,10.672542718756503,51.440624294307185,,,,,,,
378,benguela,-11.859784059075224,11.491919411472708,78.8,74,40,6.93,AO,1562507798,3351663.0
379,point fortin,10.377645635412946,-61.84597253935817,86.04,74,20,12.75,TT,1562507798,3573899.0
380,ixtapa,12.51574391600947,-103.9083702741704,80.74,74,20,4.52,MX,1562507798,4004293.0
381,tommot,60.121356062314845,125.75695144393035,63.36,77,0,2.44,RU,1562507799,2015179.0
382,aksha,50.51328248680562,113.32255152688964,50.22,97,44,1.43,RU,1562507799,2028028.0
383,fort nelson,63.53076253608705,-122.04714038096849,55.4,93,90,4.7,CA,1562507799,5955902.0
384,novoilinsk,52.27135307961046,108.82853596208082,,,,,,,
385,areka,6.685013260756222,36.99852343932653,72.18,83,10,3.69,ET,1562507799,343593.0
386,tanjong tokong,5.627093158473215,100.26706648754993,,,,,,,
387,aojiang,27.549659585838214,120.39204424429602,80.6,83,75,2.24,CN,1562507800,1812613.0
388,shenzhen,20.313060598181792,114.85829584882777,84.31,74,40,12.75,CN,1562507800,1795565.0
389,tiksi,72.59619016424384,130.21224144415692,39.96,81,16,5.21,RU,1562507800,2015306.0
390,nantucket,38.98137968865291,-69.85607849785039,68.79,68,1,13.87,US,1562507563,4944903.0
391,severo-kurilsk,44.138583025301756,156.53981048813915,43.38,95,100,3.71,RU,1562507800,2121385.0
392,deputatskiy,70.92827881599052,142.7164236789725,48.78,81,39,3.15,RU,1562507801,2028164.0
393,chiredzi,-22.592053810116766,32.55639756832164,78.66,15,0,4.52,ZW,1562507801,893485.0
394,ugoofaaru,5.3097050940241814,64.38582921126965,84.42,76,4,10.51,MV,1562507801,1337619.0
395,ternate,1.9840420572218989,126.64045159114573,83.73,79,40,3.36,PH,1562507801,1682474.0
396,soe,-11.814001220280687,125.35596051615875,61.9,63,89,6.93,EE,1562507802,587876.0
397,silver city,33.159162780584396,-108.21108926627073,63.19,72,90,3.51,US,1562507802,5491487.0
398,moroni,-11.992991832055864,42.217164625168806,88.68,51,20,14.99,GR,1562507802,6697802.0
399,ukiah,39.482745356905184,-123.1198977679337,54.28,71,1,2.04,US,1562507802,5404476.0
400,thompson,71.83651557835145,-97.17429889278232,60.8,67,75,2.24,CA,1562507559,6165406.0
401,bontang,1.706316524730795,116.67377935689564,73.26,93,63,4.23,ID,1562507803,1648186.0
402,sassandra,2.5497341544124907,-5.400746963167876,80.46,74,53,5.37,CI,1562507803,2281951.0
403,batemans bay,-36.82952830155553,150.63231543980714,46.69,97,98,1.01,AU,1562507803,2176639.0
404,zaria,10.76043908063086,8.11190495814131,86.22,59,48,7.45,NG,1562507803,2317765.0
405,kirakira,-12.117696547204801,160.1143810536782,77.94,87,62,8.81,SB,1562507803,2178753.0
406,abnub,26.336886329689676,27.32002254313744,100.4,19,0,13.87,EG,1562507804,362973.0
407,vanavara,60.35135760418652,100.4990563949064,59.76,92,81,3.62,RU,1562507804,2013727.0
408,kungurtug,49.33444312995954,97.37054805467807,52.92,52,0,4.32,RU,1562507804,1501377.0
409,katihar,25.498041279613005,87.38635547739688,81.54,88,100,2.44,IN,1562507804,1267480.0
410,ntoum,0.4292031209421623,9.971920145827426,77.0,83,75,10.29,GA,1562507804,2397169.0
411,cabra,13.987441915474903,118.90074890985335,90.81,27,0,10.29,ES,1562507805,2520645.0
412,wuning,29.159217691773648,120.31864355273831,69.3,93,10,1.9,CN,1562507805,7071576.0
413,lamesa,32.91148456834385,-101.93458350882634,70.14,83,1,6.93,US,1562507805,5524849.0
414,fitjar,60.043439969656504,5.392874018796135,56.64,93,75,21.92,NO,1562507805,3157436.0
415,mildura,-35.074689180657025,142.54445355119657,52.77,93,0,4.7,AU,1562507805,2157698.0
416,pevek,87.85785229090308,165.83513460259218,45.36,74,74,20.4,RU,1562507806,2122090.0
417,biak,1.9784500198513086,135.91640803786754,56.88,88,83,4.09,ID,1562507806,1637001.0
418,mackay,-17.419797051103444,153.72209495980997,53.6,100,90,4.7,CA,1562507806,5921525.0
419,uusikaupunki,60.39188470342148,21.331356118565253,64.71,63,40,3.36,FI,1562507806,633221.0
420,oktyabrskiy,53.005260894360845,153.69679339411812,67.95,43,0,6.71,RU,1562507806,515873.0
421,san juan de las huertas,19.22282646468919,-99.79604389952893,58.78,87,20,4.7,MX,1562507807,3518702.0
422,alindao,5.134119731380167,21.202978700458885,70.38,97,100,6.85,CF,1562507807,240999.0
423,chagda,57.5765661461121,132.6620774710517,,,,,,,
424,mago,53.44825387587795,139.82162465914774,53.1,83,68,3.76,RU,1562507807,2123621.0
425,umm lajj,25.00017719559071,38.458162903246546,85.32,75,100,4.68,SA,1562507807,100926.0
426,waipawa,-48.469317872524066,178.82382172382665,48.0,78,2,15.01,NZ,1562507808,2185329.0
427,quatre cocos,-16.912885548391856,69.50984061951678,75.52,73,40,9.17,MU,1562507808,1106643.0
428,gat,25.395853363063452,11.51865688700616,84.2,62,0,8.05,SN,1562507808,2249901.0
429,jacksonville,31.92583231852454,-95.10003750717341,78.53,88,40,3.27,US,1562507603,4160021.0
430,constitucion,13.023298645125209,-126.52813537239683,62.71,67,20,2.24,MX,1562507808,4011743.0
431,marzuq,23.520011760129194,13.239547401413688,91.62,18,53,15.28,YE,1562507809,72181.0
432,antofagasta,-23.273382003750697,-72.7021384228584,61.81,71,20,3.36,CL,1562507809,3899539.0
433,boende,-0.05521897103608353,19.78981695621522,79.92,80,100,1.52,CD,1562507809,218680.0
434,lodja,-2.402835233342074,22.66203018049825,90.36,33,86,1.66,CD,1562507809,211647.0
435,cagayan de tawi-tawi,7.95638323408015,119.67749341269717,,,,,,,
436,margate,-40.27169487194724,38.5085838770099,39.7,93,58,4.7,AU,1562507810,2158744.0
437,serchhip,23.174203580972346,92.80760231028631,74.7,98,100,5.93,IN,1562507810,1256812.0
438,deniliquin,-35.374047239414026,144.3888362324289,53.01,96,92,5.01,AU,1562507810,2169068.0
439,goure,14.863624718053842,11.561966474418568,104.58,18,1,7.05,NE,1562507810,2444219.0
440,tessalit,22.390689827798283,0.48245065295660083,107.28,12,66,9.98,ML,1562507810,2449893.0
441,sao joao da barra,-25.02079334415467,-34.43603857365474,68.94,56,0,4.65,BR,1562507811,3448903.0
442,inverell,-30.015594245418107,150.76627493846547,47.68,81,89,3.36,AU,1562507811,2162662.0
443,upernavik,89.55098704621224,-48.897379748756634,44.1,70,40,7.87,GL,1562507811,3418910.0
444,tiznit,27.389163407769573,-10.758182831902673,67.14,86,0,15.19,MA,1562507716,2527089.0
445,port hardy,44.176246544169345,-136.72389294872934,55.4,93,90,2.24,CA,1562507811,6111862.0
446,olafsvik,59.822241166811494,-27.571287001161323,,,,,,,
447,tigil,58.69556014488322,155.6751416026487,43.56,91,51,3.69,RU,1562507812,2120612.0
448,wanaka,-41.90891537887009,167.50805709536252,28.08,91,62,7.05,NZ,1562507812,2184707.0
449,tanete,-6.8229428042422455,119.81492261858415,78.12,73,0,19.46,ID,1562507812,1629965.0
450,onalaska,44.1754958380682,-91.1698775104847,67.33,77,90,3.27,US,1562507812,5265702.0
451,skibbereen,50.39674236094373,-9.966669210540857,60.8,93,75,3.36,IE,1562507813,2961459.0
452,saint george,30.42628976345172,-49.06871836922673,97.92,28,20,12.75,GR,1562507813,262462.0
453,norrkoping,58.646578262535826,16.21743979681628,64.31,59,75,9.17,SE,1562507813,2688368.0
454,wulanhaote,47.25803446685259,121.31363628901948,,,,,,,
455,sotnikovo,52.20508750049464,107.2541695827527,68.0,64,20,4.47,RU,1562507813,2016205.0
456,pierre,45.2399457677777,-101.22919743848402,69.48,93,1,10.29,US,1562507814,5767918.0
457,sapa,2.9514701662008207,121.806382216531,83.73,79,40,3.36,PH,1562507814,1715430.0
458,port-gentil,-5.083407534536946,0.6166960268141395,75.2,94,75,11.41,GA,1562507814,2396518.0
459,koyilandi,11.004976276309648,74.94953595265278,,,,,,,
460,sur,14.890004354649605,62.12814068545765,90.72,53,0,4.59,OM,1562507814,286245.0
461,kamenskoye,62.131625960971576,166.38511559181683,,,,,,,
462,kars,40.48158292279527,42.722047681918866,76.06,34,40,18.34,TR,1562507816,743952.0
463,sentyabrskiy,33.57284092940694,161.69795150588635,,,,,,,
464,bykovo,49.26835292969804,45.87191440544311,74.88,39,98,9.1,RU,1562507816,570315.0
465,baoning,31.74456327753802,105.81759707458355,75.2,94,90,4.47,CN,1562507816,1992517.0
466,mahibadhoo,4.022526355548095,65.56312151418658,84.6,72,100,9.55,MV,1562507791,1337605.0
467,dargaville,-36.58685697702995,172.7708949681404,57.24,72,88,19.17,NZ,1562507817,2191911.0
468,raga,9.530204407533361,25.57844019351313,,,,,,,
469,axim,2.7097845089706283,-2.4232063676396365,77.4,85,48,15.43,GH,1562507817,2303611.0
470,shimoda,26.728548844756986,140.73844940087662,68.92,66,82,4,JP,1562507817,1852357.0
471,takoradi,-2.745143157330787,0.3112479677491251,77.94,84,93,10.02,GH,1562507817,2294915.0
472,batavia,43.19284952240653,-78.02033729090323,67.59,68,90,11.41,US,1562507696,5108093.0
473,luba,1.6861161931565078,6.615357810490195,76.5,90,95,2.68,PH,1562507818,1705460.0
474,gillette,44.403182475473244,-105.8243800652019,60.78,87,1,3.36,US,1562507679,5826027.0
475,dalbandin,29.11652903640436,63.5926898272663,95.22,6,0,10.13,PK,1562507818,1180729.0
476,nea alikarnassos,35.671618943758745,25.172132184741514,88.86,51,20,14.99,GR,1562507818,408628.0
477,salym,60.057237807723965,72.03735793049694,63.0,69,4,10.56,RU,1562507819,1493162.0
478,sao filipe,3.8100148791215815,-24.979392435367345,72.54,83,0,20.6,CV,1562507819,3374210.0
479,grindavik,56.51976380947468,-24.490469142930152,57.2,71,20,5.82,IS,1562507819,3416888.0
480,damavand,35.99909895739566,51.99673229032288,100.4,44,0,6.93,IR,1562507819,138042.0
481,hearst,49.51005278387393,-83.33303056682348,74.7,30,0,5.73,CA,1562507819,5973108.0
482,sedelnikovo,58.032390139528076,75.21301167301823,,,,,,,
483,atuntaqui,0.6246155561505162,-78.41577116719482,57.2,71,40,2.24,EC,1562507820,3660478.0
484,egvekinot,63.98115336285801,-179.30456042988254,51.12,70,33,4.47,RU,1562507820,4031742.0
485,manado,2.7598571834171963,124.82150623320399,73.4,83,20,1.12,ID,1562507820,1636544.0
486,lucapa,-8.087603081427375,19.006561797947455,89.28,12,0,5.99,AO,1562507820,145724.0
487,taiyuan,37.84207922057699,111.92009751282342,69.8,56,0,17.9,CN,1562507821,1793511.0
488,adre,11.930205514704497,21.654276378175922,93.96,24,0,7.4,TD,1562507821,245669.0
489,palabuhanratu,-18.937704244944356,95.94453357072211,,,,,,,
490,marsa matruh,32.29569012045144,26.4412909889636,86.0,62,0,12.75,EG,1562507821,352733.0
491,tanout,16.13276954672557,9.094158739417367,103.5,13,12,4.7,NE,1562507821,2439155.0
492,ancud,-41.86771695273242,-105.08763260253087,46.4,93,90,4.7,CL,1562507821,3899695.0
493,jakhal mandi,29.827656862391123,75.7039713393375,,,,,,,
494,kuche,38.93311016123218,83.49096377339583,,,,,,,
495,lakes entrance,-37.05657580608341,148.0896586405292,50.25,94,100,9.28,AU,1562507822,2160735.0
496,ponta delgada,35.77530729001302,-27.423175968329815,69.8,83,75,4.7,PT,1562507661,3372783.0
497,del rio,29.573776495801425,-101.5057386900506,78.15,83,40,9.17,US,1562507751,5520076.0
498,bozova,37.456874071809125,38.25318450731524,98.13,16,20,9.17,TR,1562507822,320581.0
499,lavrentiya,73.17987389834616,-168.69672581966202,60.48,53,29,1.48,RU,1562507823,4031637.0
500,lar gerd,35.16320740906822,67.38521104929632,,,,,,,
501,bengkulu,-9.051618849822887,93.10636341905791,,,,,,,
502,solovetskiy,66.2333618353386,36.541456951130584,,,,,,,
503,qostanay,53.067433435648695,64.1984340736461,80.6,30,0,11.18,KZ,1562507823,1519928.0
504,palm coast,29.84618397840083,-80.42430199379966,79.86,94,40,4.7,US,1562507823,4167538.0
505,korzhevskiy,45.15614837599591,37.725084498832445,82.4,54,40,11.18,RU,1562507824,544332.0
506,yablonovo,51.941155556882734,112.40113545835362,77.0,47,0,13.42,RU,1562507824,578283.0
507,basoko,1.1671843560066861,23.601340390926993,79.02,68,100,1.41,CD,1562507824,219414.0
508,katherine,-14.60510651778911,131.5213047474503,59.0,51,0,6.93,AU,1562507824,2068655.0
509,salinopolis,0.5572582713908218,-46.81874685537943,81.0,79,23,13.22,BR,1562507824,3389822.0
510,svetlaya,46.340603585264006,139.3687636398899,60.84,92,0,2.24,RU,1562507825,2015852.0
511,xai-xai,-26.57586708936303,35.02507992289853,68.04,43,0,6.58,MZ,1562507825,1024552.0
512,tingo maria,-9.65374046724223,-75.44527662295923,60.8,93,75,4.7,PE,1562507825,3691348.0
513,kommunisticheskiy,61.97733844084635,64.40353877679979,49.5,96,100,8.39,RU,1562507825,1502750.0
514,rafai,4.482801529740584,24.365591240015846,76.14,84,78,2.8,CF,1562507826,236524.0
515,chernyshevskiy,63.814193324553656,110.91093112160121,60.48,87,87,6.35,RU,1562507826,2025456.0
516,dekoa,6.766584643617534,19.56311744717999,,,,,,,
517,lazo,46.213389888678904,133.02545395341025,67.32,91,0,3.53,RU,1562507826,2020887.0
518,kinchil,20.956035922268597,-90.1118957887109,82.76,78,40,4.7,MX,1562507826,3526284.0
519,baranain,42.97259034222162,-1.745503163997057,72.82,45,0,9.17,ES,1562507826,3128824.0
520,iturama,-19.733145697317653,-50.21450042651219,62.28,38,0,7.85,BR,1562507827,3460513.0
521,grand gaube,-13.148469475851059,66.82983793437236,75.7,73,40,9.17,MU,1562507827,934479.0
522,lata,-2.9574594912729424,165.84792283489992,46.08,94,90,2.33,IN,1562507827,1253628.0
523,magnitogorsk,53.64242009296021,58.75164541740281,75.2,31,75,6.71,RU,1562507827,532288.0
524,rokytne,51.59536859644865,27.31016913817544,63.0,74,96,6.4,UA,1562507828,695516.0
525,vangaindrano,-24.033588841302063,48.60473390581174,68.4,93,2,4,MG,1562507828,1054329.0
526,oga,40.43060915837569,137.65847961123058,61.38,67,75,3.36,IT,1562507828,3175788.0
527,cheuskiny,61.20301631883771,71.52563890770134,,,,,,,
528,amalapuram,13.942323376910295,83.64111701083425,89.6,62,75,4.7,IN,1562507828,1278935.0
529,sataua,-11.096512758853564,-172.99481294080135,,,,,,,
530,bara,13.667831952748898,30.05290363639287,97.02,33,97,4.47,NG,1562507829,2347758.0
531,jijiga,7.997473877593251,43.34618169722248,66.96,73,40,9.64,ET,1562507829,333795.0
532,yairipok,24.833038830770292,94.62899243312967,71.82,98,87,3.42,IN,1562507829,1252810.0
533,buchanan,3.587219876339418,-11.396047626421364,82.4,78,75,6.93,LR,1562507829,2278158.0
534,lockhart,29.685458998991564,-97.04230075080004,52.56,100,90,8.05,AU,1562507829,2159774.0
535,skagastrond,66.71140708782588,-19.52725176001823,,,,,,,
536,jalingo,8.642055364789329,10.494210900480056,97.02,33,97,4.47,NG,1562507830,2351027.0
537,seaside,36.387680869486815,-121.73242125412563,55.49,93,90,4.34,US,1562507830,5750984.0
538,arman,56.01327495990108,148.8198277539945,45.72,94,100,3.06,RU,1562507830,2127060.0
539,yarada,14.659194694600814,85.28372122153775,86.0,70,75,11.41,IN,1562507830,1252783.0
540,sanjwal,33.6881157764106,72.39884735097183,96.35,41,20,6.93,PK,1562507831,1166118.0
541,aioi,34.638523597012465,134.54736257897747,72.46,77,58,1.01,JP,1562507831,1865412.0
542,vila velha,-26.213565831585854,-29.991065828886263,81.18,65,75,12.75,BR,1562507831,6320062.0
543,linxia,33.539797777286026,102.33848816664045,51.66,98,100,3.74,CN,1562507831,1803331.0
544,sovetskiy,68.06385575468292,65.07643729457686,57.96,84,99,10.98,RU,1562507832,490040.0
545,samana,21.90930156842832,-67.30109331619155,72.64,100,90,3.36,EC,1562507832,3655185.0
546,makakilo city,6.744065259343202,-166.85826032862278,77.02,78,40,3.36,US,1562507718,5850554.0
547,samarai,-14.65066792220864,150.35107465981486,73.62,93,64,5.3,PG,1562507832,2132606.0
548,kwinana,-32.011764241882155,114.99193627491417,51.06,100,0,4.7,AU,1562507832,2068079.0
549,nabire,-3.223290627123731,135.94763233176576,70.02,96,100,2.51,ID,1562507833,1634614.0
550,mabaruma,7.653129366452973,-60.46143568892522,78.3,93,100,2.1,GY,1562507833,3377301.0
551,carlsbad,31.62332975516908,-104.36281969223029,63.99,48,20,10.29,CZ,1562507833,3339539.0
552,nisia floresta,-4.787414133765608,-30.61330704128352,83.34,65,75,11.41,BR,1562507833,3393922.0
553,xuanhua,40.29401314632156,114.72380710576186,62.28,70,69,4.12,CN,1562507834,2033574.0
554,fare,-12.537318206356247,-149.2763532538698,77.04,86,27,22.17,PF,1562507834,4034496.0
555,tezu,32.467625283108234,97.22141774402894,72.72,96,100,1.88,IN,1562507834,1254709.0
556,livingston,44.90651074194017,-110.19603049333219,80.02,100,1,4.7,US,1562507834,4707173.0
557,dakar,13.124175581410455,-19.386934582277036,83.39,74,40,6.93,SN,1562507834,2253354.0
558,mandali,33.67518076763085,45.610008781788764,108.54,7,0,17.11,IQ,1562507835,93709.0
559,pasni,21.45666939613656,63.4359045776597,83.52,79,0,7.78,PK,1562507835,1168312.0
560,astana,50.247651603210755,71.02595262758621,77.0,31,0,4.47,KZ,1562507835,1526273.0
561,koszalin,54.281832620357704,16.228138607761053,59.97,67,0,27.34,PL,1562507836,3095049.0
562,killybegs,58.917396170124505,-11.77657226384855,60.87,63,0,6.93,IE,1562507836,2963295.0
563,northam,-32.319794921173546,118.45935423372208,50.0,76,0,5.82,AU,1562507836,2064550.0
564,kapit,0.6086930786476188,112.99232020407885,75.24,89,11,1.45,MY,1562507836,1737185.0
565,pisco,-23.833492649649713,-90.6921707485631,67.08,30,90,16.17,PE,1562507792,3932145.0
566,ye,14.920163626838686,96.58027913085397,,,,,,,
567,besikduzu,40.75181631529179,39.148861901458275,77.0,69,75,4.7,TR,1562507837,750735.0
568,yertsevo,60.93090547362763,39.93093666416536,63.9,69,100,3.36,RU,1562507837,467084.0
569,willmar,45.23395584555729,-95.23577324679069,67.93,82,1,1.92,US,1562507837,5052916.0
570,mirandopolis,-21.06031753600209,-51.21634774143365,61.56,42,0,9.55,BR,1562507837,3457107.0
571,fundao,-19.965705241681874,-40.37829768937132,70.18,49,0,19.46,BR,1562507838,3462882.0
572,lagos,5.118742987575686,3.507955746693625,84.2,79,75,10.29,NG,1562507838,2332459.0
573,krasnoselkup,66.86854429565525,81.98835538242821,,,,,,,
574,rio grande city,26.420672766073466,-98.9600305086472,83.52,88,75,5.82,US,1562507741,4722837.0
575,ust-nera,63.162717638437584,141.20978198862622,45.0,83,0,1.83,RU,1562507838,2120048.0
576,taburi,10.64932972707031,113.55474166166528,,,,,,,
577,taksimo,55.47352436802248,114.61339115924801,61.2,69,100,7.18,RU,1562507839,2015701.0
578,arawa,-4.489374455603482,155.42118744259255,78.12,73,0,19.46,ID,1562507839,1629965.0
579,agirish,62.359503585026204,62.56057376778318,48.78,94,100,7.7,RU,1562507839,1512101.0
580,bambous virieux,-37.83632776363257,79.79776069265449,75.42,73,40,9.17,MU,1562507839,1106677.0
581,luau,-10.441176137922866,21.95584830327215,82.98,13,100,4.14,CD,1562507839,876177.0
582,sabang,6.770680087712606,90.17928600351331,74.52,94,45,2.01,PH,1562507840,1726279.0
583,lufilufi,-7.377618150148535,-168.2227432165411,78.01,83,100,15.01,WS,1562507840,4035249.0
584,dehloran,32.639023450498385,46.77101760806906,99.9,8,0,22.93,IR,1562507840,136702.0
585,guaratinga,-16.395384437800544,-39.53503113041569,,,,,,,
586,klaksvik,72.30712204563264,-5.585038445804798,53.6,71,0,13.87,FO,1562507841,2618795.0
587,kindu,-1.8434565370072562,25.70153437435735,77.58,78,100,3.24,CD,1562507841,212902.0
588,kachikau,-18.56575166970886,23.477084769795937,,,,,,,
589,coari,-4.647761508622025,-64.11084234753486,79.56,69,94,5.59,BR,1562507841,3664539.0
590,satitoa,-14.786771194069871,-167.43541572901142,,,,,,,
591,blythe,33.377763795317904,-114.54878535041557,79.48,22,1,4.7,US,1562507841,5329649.0
592,tatarskaya pishlya,54.08841250714127,44.93986191246066,61.92,74,57,13.02,RU,1562507842,484122.0
593,kununurra,-18.41267323952991,129.27516380273357,59.0,62,15,2.24,AU,1562507842,2068110.0
594,hualmay,-21.226611714697768,-95.61889747251477,63.18,85,100,12.64,PE,1562507842,3939761.0
595,elban,49.84967874558208,136.0773468003561,66.42,95,0,1.12,RU,1562507842,2024449.0
596,tupik,54.506749670694205,119.19994419927929,54.9,92,48,3.44,RU,1562507842,2014836.0
597,pizarro,2.313898762494432,-79.48730197348465,81.36,80,100,8.57,CO,1562507843,3672086.0
598,tereze,43.863779266386416,42.45384654524693,86.0,27,20,6.71,RU,1562507843,483386.0
599,nanakuli,15.817815582233038,-161.72555079095454,77.02,78,40,3.36,US,1562507843,5851349.0
600,alghero,40.703440137839834,7.585429753059799,86.0,74,20,18.34,IT,1562507843,3183284.0
601,hofn,61.06156697436913,-14.77997751930576,62.6,33,75,12.75,IS,1562507843,2630299.0
602,bada,51.31935781282817,109.70829660140419,84.06,76,25,5.21,NG,1562507844,2339354.0
603,roebourne,-21.820388486747646,118.21808886831116,66.06,63,0,3.83,AU,1562507844,2062276.0
